3M's Birthday,06/13,1902
AbbVie's Birthday,04/10,2012
ABN AMRO's Birthday,09/21,1991
ABS-CBN Corporation's Birthday,06/13,1946
Acer Inc's Birthday,08/01,1976
Activision Blizzard's Birthday,07/09,2008
Adidas's Birthday,08/18,1949
Adient's Birthday,10/31,2016
Aeon's Birthday,09/21,1926
Ahold Delhaize's Birthday,07/25,2016
Airbus's Birthday,12/18,1970
Ajinomoto's Birthday,05/17,1917
Aldi's Birthday,07/10,1946
Alibaba Group's Birthday,06/28,1999
All Nippon Airways's Birthday,12/27,1952
Alliance Global's Birthday,10/12,1993
Allianz's Birthday,02/05,1890
Almarai's Birthday,07/01,1977
Alphabet Inc's Birthday,10/02,2015
Amazon's Birthday,07/05,1994
AMD's Birthday,05/01,1969
American Airlines Group's Birthday,12/09,2013
American Express's Birthday,03/18,1850
American International Group's Birthday,12/19,1919
ANZ's Birthday,10/02,1951
Apple Inc's Birthday,04/01,1976
Asics's Birthday,09/01,1949
Aston Martin's Birthday,01/15,1913
Asus's Birthday,04/02,1989
AT&T's Birthday,10/05,1983
Avianca's Birthday,12/05,1919
Axiata's Birthday,06/12,1992
Axis Bank's Birthday,12/03,1993
Bacardi's Birthday,02/04,1862
Baidu's Birthday,01/18,2000
Banco Bilbao Vizcaya Argentaria's Birthday,05/28,1857
Banco do Brasil's Birthday,10/12,1808
Banco Santander's Birthday,05/15,1857
Bandai Namco Entertainment's Birthday,03/31,2006
Bandai Namco Holdings's Birthday,09/29,2005
Bank of India's Birthday,09/07,1906
Bank of Ireland's Birthday,04/05,1783
Bank of Montreal's Birthday,06/23,1817
Barclays's Birthday,11/17,1690
BASF's Birthday,04/06,1865
Bata Corporation's Birthday,09/21,1894
Bayer's Birthday,08/01,1863
BBC's Birthday,10/18,1922
BBK Electronics's Birthday,09/18,1995
Bertelsmann's Birthday,07/01,1835
Best Buy's Birthday,08/22,1966
Bharti Airtel's Birthday,07/07,1995
Bic's Birthday,10/25,1945
Billabong's Birthday,11/06,1973
BMW's Birthday,03/07,1916
BNP Paribas's Birthday,03/10,1848
Boeing's Birthday,07/15,1916
Bombardier Inc's Birthday,07/10,1942
Bosch's Birthday,11/15,1886
BP's Birthday,04/14,1909
BRAC's Birthday,03/21,1972
Bridgestone's Birthday,03/01,1931
British Airways's Birthday,03/31,1974
BT Group's Birthday,06/18,1846
Build-A-Bear Workshop's Birthday,10/27,1997
ByteDance's Birthday,03/13,2012
Cadbury's Birthday,03/04,1824
Canon Inc's Birthday,08/10,1937
Capcom's Birthday,05/30,1979
Capgemini's Birthday,10/01,1967
Capital One's Birthday,07/21,1994
Cargolux's Birthday,03/04,1970
Caribbean Airlines's Birthday,11/27,1939
Carrefour's Birthday,01/01,1958
Caterpillar Inc's Birthday,04/15,1925
Century Pacific Food's Birthday,10/25,2013
China International Marine Containers's Birthday,01/14,1980
China Merchants Bank's Birthday,04/08,1987
China Mobile's Birthday,09/03,1997
Cisco's Birthday,12/10,1984
Citigroup's Birthday,10/08,1998
CJ Group's Birthday,08/01,1953
Cognizant's Birthday,01/26,1994
Comac's Birthday,05/11,2008
Coolpad's Birthday,04/29,1993
Copa Airlines's Birthday,06/21,1944
Costco's Birthday,09/15,1983
Creative Technology's Birthday,07/01,1981
Credit Suisse's Birthday,07/05,1856
Crédit Agricole's Birthday,11/05,1894
Currys plc's Birthday,08/07,2014
Daihatsu's Birthday,03/01,1951
Daikin's Birthday,10/25,1924
Dell Technologies's Birthday,09/07,2016
Delta Air Lines's Birthday,03/02,1925
Deutsche Bank's Birthday,03/10,1870
Diageo's Birthday,12/17,1997
Dior's Birthday,12/16,1946
Dolby's Birthday,05/18,1965
Dole plc's Birthday,06/02,1851
Dollar Tree's Birthday,04/17,1986
Domino's Birthday,12/09,1960
Dow Chemical Company's Birthday,04/01,2019
Dude Perfect's Birthday,03/16,2009
DuPont's Birthday,09/01,2017
DXC Technology's Birthday,04/03,2017
Dyson's Birthday,07/08,1991
eBay's Birthday,09/03,1995
Electronic Arts's Birthday,05/27,1982
Embraer's Birthday,08/19,1969
Emerson Electric's Birthday,09/24,1890
Eni's Birthday,02/10,1953
Etisalat's Birthday,08/30,1975
EVA Air's Birthday,03/08,1989
ExxonMobil's Birthday,11/30,1999
FAW Group's Birthday,07/15,1953
FBT's Birthday,09/30,1952
FedEx's Birthday,05/05,1971
Ferrari's Birthday,09/13,1939
Ferrero SpA's Birthday,05/14,1946
Ford Motor Company's Birthday,06/16,1903
Foxconn's Birthday,02/20,1974
Foxtel's Birthday,10/22,1995
FPT Corporation's Birthday,09/13,1988
Fujifilm's Birthday,01/20,1934
Fujitsu's Birthday,06/20,1935
Fujiya's Birthday,06/30,1938
Gap Inc's Birthday,08/21,1969
Gazprom's Birthday,08/08,1989
General Electric's Birthday,04/15,1892
General Motors's Birthday,09/16,1908
Gerdau's Birthday,01/16,1901
Glico's Birthday,02/11,1922
Globe Telecom's Birthday,01/15,1935
GMA Network's Birthday,03/01,1950
GMM Grammy's Birthday,11/11,1983
Goodyear Tire and Rubber Company's Birthday,08/29,1898
Google's Birthday,09/04,1998
Grupo Arcor's Birthday,07/05,1951
Grupo Bimbo's Birthday,12/02,1945
Grupo Imagen's Birthday,06/18,1936
GSK plc's Birthday,12/27,2000
GungHo Online Entertainment's Birthday,07/01,1998
Haier's Birthday,04/28,1984
Hankook's Birthday,05/10,1941
Hard Rock Cafe's Birthday,06/14,1971
Haribo's Birthday,12/13,1920
Hasbro's Birthday,12/06,1923
Hearst Communications's Birthday,03/04,1887
Heineken NV's Birthday,02/15,1864
Henkel's Birthday,09/26,1876
Hewlett Packard Enterprise's Birthday,11/01,2015
HMD Global's Birthday,12/01,2016
Home Depot's Birthday,02/06,1978
Honda's Birthday,09/24,1948
House Foods's Birthday,11/11,1913
HP Inc's Birthday,11/01,2015
HSBC's Birthday,03/03,1865
HTC's Birthday,05/15,1997
Huntington Ingalls Industries's Birthday,03/31,2011
Hyundai Motor Company's Birthday,12/29,1967
Iberia's Birthday,06/28,1927
IBM's Birthday,06/16,1911
ICICI Bank's Birthday,01/05,1955
IKEA's Birthday,07/28,1943
Inditex's Birthday,06/12,1985
Infosys's Birthday,07/02,1981
Intel's Birthday,07/18,1968
Isuzu's Birthday,03/30,1934
Jardines's Birthday,07/01,1832
JG Summit Holdings's Birthday,11/23,1990
JKN Global Group's Birthday,05/07,2013
JPMorgan Chase's Birthday,12/01,2000
JVCKenwood's Birthday,10/01,2008
Kawasaki Heavy Industries's Birthday,10/15,1896
KBC Group's Birthday,02/09,1935
Kellogg's Birthday,02/19,1906
Kikkoman's Birthday,12/07,1917
Kino Indonesia's Birthday,02/08,1999
Kirin Company's Birthday,02/23,1907
KLM's Birthday,10/07,1919
Komatsu Limited's Birthday,05/13,1921
Konami's Birthday,03/21,1969
Kraft Heinz's Birthday,07/02,2015
L'Oréal's Birthday,07/30,1909
Lactalis's Birthday,10/19,1933
Larsen & Toubro's Birthday,02/07,1946
LATAM Airlines's Birthday,03/05,1929
Lazada's Birthday,03/27,2012
LeEco's Birthday,09/08,2011
Lenovo's Birthday,11/01,1984
Levi Strauss & Co's Birthday,05/01,1852
Lexmark's Birthday,03/27,1991
LG's Birthday,01/05,1947
Linde plc's Birthday,06/21,1879
Lockheed Martin's Birthday,03/15,1995
Lopez Holdings Corporation's Birthday,06/08,1993
Lotte Group's Birthday,08/15,1948
Lufthansa's Birthday,01/06,1926
Lukoil's Birthday,11/25,1991
LVMH's Birthday,06/03,1987
Macy's Birthday,10/28,1858
Maersk's Birthday,04/16,1904
Mahindra Group's Birthday,10/02,1945
Mars Inc's Birthday,06/23,1911
Maxxis's Birthday,01/01,1967
Mayora Indah's Birthday,02/17,1977
McDonald's Birthday,05/15,1940
MediaTek's Birthday,05/28,1997
Meiji Holdings's Birthday,04/01,2009
Melstacorp's Birthday,02/03,1998
Mercedes-Benz Group's Birthday,06/28,1926
Meta Platforms's Birthday,02/04,2004
Metasa's Birthday,01/28,2004
Michelin's Birthday,05/28,1889
Micro-Star International's Birthday,08/04,1986
Micromax Informatics's Birthday,03/29,2000
Microsoft's Birthday,04/04,1975
Miele's Birthday,07/01,1899
Mindtree's Birthday,08/18,1999
Mitsubishi Electric's Birthday,01/15,1921
Mizuno's Birthday,04/01,1906
Mobil Oil Corporation's Birthday,08/10,1892
Monde Nissin's Birthday,01/23,1931
Mondelez International's Birthday,12/10,1923
Morinaga & Company's Birthday,08/15,1899
NBCUniversal's Birthday,05/11,2004
NEC's Birthday,07/17,1899
Nickelodeon Group's Birthday,05/01,2002
Nike, Inc's Birthday,01/25,1964
Nikon's Birthday,07/25,1917
Nintendo's Birthday,09/23,1889
Nissan's Birthday,12/26,1933
Nokia's Birthday,05/12,1865
Nongshim's Birthday,09/18,1965
Nothing's Birthday,10/29,2020
Novartis's Birthday,12/20,1996
Novo Nordisk's Birthday,12/21,1923
NutriAsia's Birthday,10/01,1990
Nvidia's Birthday,04/05,1993
Olympus Corporation's Birthday,10/12,1919
Oracle Corporation's Birthday,06/16,1977
Orange Group's Birthday,01/01,1988
Orlen's Birthday,09/07,1999
Panasonic's Birthday,03/07,1918
Paramount Global's Birthday,12/04,2019
Parrot SA's Birthday,01/18,2006
PepsiCo's Birthday,08/28,1898
Petronas's Birthday,08/17,1974
Philips's Birthday,05/15,1891
Pilot's Birthday,01/04,2002
Ping An Bank's Birthday,06/22,1995
Pioneer Corporation's Birthday,01/01,1938
Pirelli's Birthday,01/28,1872
PLDT's Birthday,11/28,1928
Procter & Gamble's Birthday,10/31,1837
Proton Holdings's Birthday,05/07,1983
QNB Group's Birthday,06/06,1964
Qualcomm's Birthday,07/01,1985
Ranpak's Birthday,10/02,1972
Rebisco's Birthday,08/15,1963
Renault's Birthday,02/25,1899
Ricoh's Birthday,02/06,1936
Rohde & Schwarz's Birthday,11/17,1933
Salesforce's Birthday,03/08,1999
Samsonite's Birthday,03/10,1910
Samsung's Birthday,03/01,1938
Samyang Foods's Birthday,09/15,1961
San Miguel Corporation's Birthday,09/29,1890
Sanofi's Birthday,02/15,1973
Sanrio's Birthday,08/10,1960
Saudi Aramco's Birthday,05/29,1933
Scholastic Corporation's Birthday,10/22,1920
Scotiabank's Birthday,03/30,1832
Seagate Technology's Birthday,11/01,1979
Sega Sammy Holdings's Birthday,10/01,2004
Sennheiser's Birthday,06/01,1945
SF Express's Birthday,03/26,1993
Shell plc's Birthday,07/20,2005
Shiseido's Birthday,09/17,1872
Shopee's Birthday,02/05,2015
Siemens's Birthday,10/01,1847
SK Group's Birthday,04/08,1953
Société Générale's Birthday,05/04,1864
SoftBank Group's Birthday,09/03,1981
Sogou's Birthday,08/09,2010
Sony's Birthday,05/07,1946
Spin Master's Birthday,03/26,1994
Square Enix's Birthday,04/01,2003
Staedtler's Birthday,10/03,1835
Standard Chartered's Birthday,12/29,1853
Starbucks's Birthday,03/30,1971
State Bank of India's Birthday,07/01,1955
Stellantis's Birthday,01/17,2021
Subway's Birthday,08/28,1965
Taco Bell's Birthday,03/21,1962
Take-Two Interactive's Birthday,09/30,1993
Tapestry, Inc's Birthday,06/01,2000
Target Corporation's Birthday,06/24,1902
Tate & Lyle's Birthday,02/27,1903
TCL Technology's Birthday,02/07,2020
TDK's Birthday,12/07,1935
TEAC Corporation's Birthday,08/29,1953
TechniSat's Birthday,06/10,1987
Telefónica's Birthday,04/19,1924
Televisa's Birthday,01/08,1973
Telstra's Birthday,07/01,1975
Tencent's Birthday,11/07,1998
Tesla, Inc's Birthday,07/01,2003
The Cartoon Network, Inc's Birthday,03/12,1992
The Coca-Cola Company's Birthday,01/29,1892
The Hershey Company's Birthday,02/08,1894
The Lego Group's Birthday,08/10,1932
The Vanguard Group's Birthday,05/01,1975
The Walt Disney Company's Birthday,10/16,1923
Thomson Reuters's Birthday,04/17,2008
TKK Fried Chicken's Birthday,07/20,1974
TNT Express's Birthday,05/26,2011
Tomy's Birthday,03/01,2006
Toshiba's Birthday,07/11,1875
TotalEnergies's Birthday,03/28,1924
Toyota's Birthday,08/28,1937
Trend Micro's Birthday,10/24,1988
TSMC's Birthday,02/21,1987
TV Azteca's Birthday,08/02,1993
Ubisoft's Birthday,03/28,1986
Unilab's Birthday,01/01,1945
United Parcel Service's Birthday,08/28,1907
Victoria's Secret's Birthday,06/12,1977
Victorinox's Birthday,01/02,1979
Viettel's Birthday,06/01,1989
Visa Inc's Birthday,09/18,1958
Viva Communications's Birthday,11/11,1981
Vivendi's Birthday,12/14,1853
Vivo's Birthday,05/22,2009
Vodafone's Birthday,07/17,1984
Volkswagen Group's Birthday,05/28,1937
Walmart's Birthday,07/02,1962
Warner Bros Discovery's Birthday,04/08,2022
Wawa's Birthday,04/16,1964
Whirlpool Corporation's Birthday,11/11,1911
Wings's Birthday,09/21,1948
Wipro's Birthday,12/29,1945
Wirecard's Birthday,01/01,1999
Xiaomi's Birthday,04/06,2010
Yamaha Corporation's Birthday,10/12,1887
Yamaha Motor Company's Birthday,07/01,1955
Yandex's Birthday,09/23,1997
Yokohama Rubber Company's Birthday,10/13,1917
YouTube's Birthday,02/14,2005
Yum! Brands's Birthday,11/08,1977
