Autauga County (AL)'s Birthday,11/21,1818
Baldwin County (AL)'s Birthday,12/21,1809
Barbour County (AL)'s Birthday,12/18,1832
Bibb County (AL)'s Birthday,02/07,1818
Blount County (AL)'s Birthday,02/06,1818
Bullock County (AL)'s Birthday,12/05,1866
Butler County (AL)'s Birthday,12/13,1819
Calhoun County (AL)'s Birthday,12/18,1832
Chambers County (AL)'s Birthday,12/18,1832
Cherokee County (AL)'s Birthday,01/09,1836
Chilton County (AL)'s Birthday,12/30,1868
Choctaw County (AL)'s Birthday,12/29,1847
Clarke County (AL)'s Birthday,12/10,1812
Clay County (AL)'s Birthday,12/07,1866
Cleburne County (AL)'s Birthday,12/06,1866
Coffee County (AL)'s Birthday,12/29,1841
Colbert County (AL)'s Birthday,02/06,1867
Conecuh County (AL)'s Birthday,02/13,1818
Coosa County (AL)'s Birthday,12/18,1832
Covington County (AL)'s Birthday,12/17,1821
Crenshaw County (AL)'s Birthday,11/30,1866
Cullman County (AL)'s Birthday,01/24,1877
Dale County (AL)'s Birthday,12/22,1824
Dallas County (AL)'s Birthday,02/09,1818
DeKalb County (AL)'s Birthday,01/09,1836
Elmore County (AL)'s Birthday,02/15,1866
Escambia County (AL)'s Birthday,12/10,1868
Etowah County (AL)'s Birthday,12/01,1868
Fayette County (AL)'s Birthday,12/20,1824
Franklin County (AL)'s Birthday,02/06,1818
Geneva County (AL)'s Birthday,12/26,1868
Greene County (AL)'s Birthday,12/13,1819
Hale County (AL)'s Birthday,01/30,1867
Henry County (AL)'s Birthday,12/13,1819
Houston County (AL)'s Birthday,02/09,1903
Jackson County (AL)'s Birthday,12/13,1819
Jefferson County (AL)'s Birthday,12/13,1819
Lamar County (AL)'s Birthday,02/08,1877
Lauderdale County (AL)'s Birthday,02/06,1818
Lawrence County (AL)'s Birthday,02/06,1818
Lee County (AL)'s Birthday,12/05,1866
Limestone County (AL)'s Birthday,02/06,1818
Lowndes County (AL)'s Birthday,01/20,1830
Macon County (AL)'s Birthday,12/18,1832
Madison County (AL)'s Birthday,12/13,1808
Marengo County (AL)'s Birthday,02/06,1818
Marion County (AL)'s Birthday,02/13,1818
Marshall County (AL)'s Birthday,01/09,1836
Mobile County (AL)'s Birthday,12/18,1812
Monroe County (AL)'s Birthday,06/29,1815
Montgomery County (AL)'s Birthday,12/06,1816
Morgan County (AL)'s Birthday,02/06,1818
Perry County (AL)'s Birthday,12/13,1819
Pickens County (AL)'s Birthday,12/20,1820
Pike County (AL)'s Birthday,12/17,1821
Randolph County (AL)'s Birthday,12/18,1832
Russell County (AL)'s Birthday,12/18,1832
Shelby County (AL)'s Birthday,02/07,1818
St. Clair County (AL)'s Birthday,11/20,1818
Sumter County (AL)'s Birthday,12/18,1832
Talladega County (AL)'s Birthday,12/18,1832
Tallapoosa County (AL)'s Birthday,12/18,1832
Tuscaloosa County (AL)'s Birthday,02/06,1818
Walker County (AL)'s Birthday,12/26,1823
Washington County (AL)'s Birthday,06/04,1801
Wilcox County (AL)'s Birthday,12/13,1819
Winston County (AL)'s Birthday,02/12,1850
Aleutians East Borough (AK)'s Birthday,10/23,1987
Aleutians West Borough (AK)'s Birthday,10/23,1987
Anchorage Borough (AK)'s Birthday,01/01,1964
Bristol Bay Borough (AK)'s Birthday,10/02,1962
Chugach Borough (AK)'s Birthday,01/02,2019
Copper River Borough (AK)'s Birthday,01/02,2019
Denali Borough (AK)'s Birthday,12/07,1990
Fairbanks North Star Borough (AK)'s Birthday,01/01,1964
Haines Borough (AK)'s Birthday,08/29,1968
Juneau Borough (AK)'s Birthday,09/30,1963
Kenai Peninsula Borough (AK)'s Birthday,01/01,1964
Ketchikan Gateway Borough (AK)'s Birthday,09/06,1963
Kodiak Island (AK)'s Birthday,09/24,1963
Lake and Peninsula Borough (AK)'s Birthday,04/24,1989
Matanuska-Susitna Borough (AK)'s Birthday,01/01,1964
North Slope Borough (AK)'s Birthday,07/02,1972
Northwest Arctic Borough (AK)'s Birthday,06/02,1986
Petersburg Borough (AK)'s Birthday,01/03,2013
Prince of Wales – Hyder Borough (AK)'s Birthday,06/01,2008
Sitka Borough (AK)'s Birthday,09/24,1963
Skagway Borough (AK)'s Birthday,06/05,2007
Wrangell Borough (AK)'s Birthday,05/30,2008
Yakutat Borough (AK)'s Birthday,09/22,1992
Apache County (AZ)'s Birthday,02/24,1879
Cochise County (AZ)'s Birthday,02/01,1881
Coconino County (AZ)'s Birthday,02/18,1891
Gila County (AZ)'s Birthday,02/08,1881
Graham County (AZ)'s Birthday,03/10,1881
Greenlee County (AZ)'s Birthday,03/10,1909
La Paz County (AZ)'s Birthday,01/01,1983
Maricopa County (AZ)'s Birthday,02/14,1871
Mohave County (AZ)'s Birthday,11/09,1864
Navajo County (AZ)'s Birthday,03/21,1895
Pima County (AZ)'s Birthday,11/09,1864
Pinal County (AZ)'s Birthday,02/01,1875
Santa Cruz County (AZ)'s Birthday,03/15,1899
Yavapai County (AZ)'s Birthday,11/09,1864
Yuma County (AZ)'s Birthday,11/09,1864
Arkansas County (AR)'s Birthday,12/13,1813
Ashley County (AR)'s Birthday,11/30,1848
Baxter County (AR)'s Birthday,03/24,1873
Benton County (AR)'s Birthday,09/30,1836
Boone County (AR)'s Birthday,04/09,1869
Bradley County (AR)'s Birthday,12/18,1840
Calhoun County (AR)'s Birthday,12/06,1850
Carroll County (AR)'s Birthday,11/01,1833
Chicot County (AR)'s Birthday,10/25,1823
Clark County (AR)'s Birthday,12/15,1818
Clay County (AR)'s Birthday,03/24,1873
Cleburne County (AR)'s Birthday,02/20,1883
Cleveland County (AR)'s Birthday,04/17,1873
Columbia County (AR)'s Birthday,12/17,1852
Conway County (AR)'s Birthday,10/20,1825
Craighead County (AR)'s Birthday,02/19,1859
Crawford County (AR)'s Birthday,10/18,1820
Crittenden County (AR)'s Birthday,10/22,1825
Cross County (AR)'s Birthday,11/15,1862
Dallas County (AR)'s Birthday,01/01,1845
Desha County (AR)'s Birthday,12/12,1838
Drew County (AR)'s Birthday,11/26,1846
Faulkner County (AR)'s Birthday,04/12,1873
Franklin County (AR)'s Birthday,12/19,1837
Fulton County (AR)'s Birthday,12/21,1842
Garland County (AR)'s Birthday,04/05,1873
Grant County (AR)'s Birthday,02/04,1869
Greene County (AR)'s Birthday,11/05,1833
Hempstead County (AR)'s Birthday,12/15,1818
Hot Spring County (AR)'s Birthday,11/02,1829
Howard County (AR)'s Birthday,04/17,1873
Independence County (AR)'s Birthday,10/20,1820
Izard County (AR)'s Birthday,10/27,1825
Jackson County (AR)'s Birthday,11/05,1829
Jefferson County (AR)'s Birthday,11/02,1829
Johnson County (AR)'s Birthday,11/16,1833
Lafayette County (AR)'s Birthday,10/15,1827
Lawrence County (AR)'s Birthday,01/15,1815
Lee County (AR)'s Birthday,04/17,1873
Lincoln County (AR)'s Birthday,03/28,1871
Little River County (AR)'s Birthday,03/05,1867
Logan County (AR)'s Birthday,03/22,1871
Lonoke County (AR)'s Birthday,04/16,1874
Madison County (AR)'s Birthday,09/30,1836
Marion County (AR)'s Birthday,09/25,1836
Miller County (AR)'s Birthday,04/01,1820
Mississippi County (AR)'s Birthday,11/01,1833
Monroe County (AR)'s Birthday,11/02,1829
Montgomery County (AR)'s Birthday,12/09,1842
Nevada County (AR)'s Birthday,03/20,1871
Newton County (AR)'s Birthday,12/14,1842
Ouachita County (AR)'s Birthday,11/29,1842
Perry County (AR)'s Birthday,12/18,1840
Phillips County (AR)'s Birthday,05/01,1820
Pike County (AR)'s Birthday,11/01,1833
Poinsett County (AR)'s Birthday,02/28,1838
Polk County (AR)'s Birthday,11/30,1844
Pope County (AR)'s Birthday,11/02,1829
Prairie County (AR)'s Birthday,11/25,1846
Pulaski County (AR)'s Birthday,12/15,1818
Randolph County (AR)'s Birthday,10/29,1835
St. Francis County (AR)'s Birthday,10/13,1827
Saline County (AR)'s Birthday,11/02,1835
Scott County (AR)'s Birthday,11/05,1833
Searcy County (AR)'s Birthday,12/13,1838
Sebastian County (AR)'s Birthday,01/06,1851
Sevier County (AR)'s Birthday,10/17,1828
Sharp County (AR)'s Birthday,07/18,1868
Stone County (AR)'s Birthday,04/21,1873
Union County (AR)'s Birthday,11/02,1829
Van Buren County (AR)'s Birthday,11/11,1833
Washington County (AR)'s Birthday,10/17,1828
White County (AR)'s Birthday,10/23,1835
Woodruff County (AR)'s Birthday,11/26,1862
Yell County (AR)'s Birthday,12/05,1840
Alameda County (CA)'s Birthday,03/25,1853
Alpine County (CA)'s Birthday,03/16,1864
Amador County (CA)'s Birthday,05/01,1854
Butte County (CA)'s Birthday,02/18,1850
Calaveras County (CA)'s Birthday,02/18,1850
Colusa County (CA)'s Birthday,02/18,1850
Contra Costa County (CA)'s Birthday,02/18,1850
Del Norte County (CA)'s Birthday,03/02,1857
El Dorado County (CA)'s Birthday,02/18,1850
Fresno County (CA)'s Birthday,04/19,1856
Glenn County (CA)'s Birthday,03/05,1891
Humboldt County (CA)'s Birthday,05/12,1853
Imperial County (CA)'s Birthday,08/07,1907
Inyo County (CA)'s Birthday,03/22,1866
Kern County (CA)'s Birthday,04/02,1866
Kings County (CA)'s Birthday,03/22,1893
Lake County (CA)'s Birthday,05/20,1861
Lassen County (CA)'s Birthday,04/01,1864
Los Angeles County (CA)'s Birthday,02/18,1850
Madera County (CA)'s Birthday,05/16,1893
Marin County (CA)'s Birthday,02/18,1850
Mariposa County (CA)'s Birthday,02/18,1850
Mendocino County (CA)'s Birthday,02/18,1850
Merced County (CA)'s Birthday,04/19,1855
Modoc County (CA)'s Birthday,02/17,1874
Mono County (CA)'s Birthday,04/21,1861
Monterey County (CA)'s Birthday,02/18,1850
Napa County (CA)'s Birthday,02/18,1850
Nevada County (CA)'s Birthday,04/25,1851
Orange County (CA)'s Birthday,08/01,1889
Placer County (CA)'s Birthday,04/25,1851
Plumas County (CA)'s Birthday,03/18,1854
Riverside County (CA)'s Birthday,05/09,1893
Sacramento County (CA)'s Birthday,02/18,1850
San Benito County (CA)'s Birthday,02/12,1874
San Bernardino County (CA)'s Birthday,04/26,1853
San Diego County (CA)'s Birthday,02/18,1850
San Francisco County (CA)'s Birthday,12/16,1848
San Joaquin County (CA)'s Birthday,02/18,1850
San Luis Obispo County (CA)'s Birthday,02/18,1850
San Mateo County (CA)'s Birthday,04/19,1856
Santa Barbara County (CA)'s Birthday,02/18,1850
Santa Clara County (CA)'s Birthday,02/18,1850
Santa Cruz County (CA)'s Birthday,02/18,1850
Shasta County (CA)'s Birthday,02/18,1850
Sierra County (CA)'s Birthday,04/16,1852
Siskiyou County (CA)'s Birthday,03/22,1852
Solano County (CA)'s Birthday,02/18,1850
Sonoma County (CA)'s Birthday,02/18,1850
Stanislaus County (CA)'s Birthday,04/01,1854
Sutter County (CA)'s Birthday,02/18,1850
Tehama County (CA)'s Birthday,04/09,1856
Trinity County (CA)'s Birthday,02/18,1850
Tulare County (CA)'s Birthday,07/10,1852
Tuolumne County (CA)'s Birthday,02/15,1850
Ventura County (CA)'s Birthday,03/22,1872
Yolo County (CA)'s Birthday,02/18,1850
Yuba County (CA)'s Birthday,02/18,1850
Adams County (CO)'s Birthday,04/15,1901
Alamosa County (CO)'s Birthday,03/08,1913
Arapahoe County (CO)'s Birthday,11/01,1861
Archuleta County (CO)'s Birthday,04/14,1885
Baca County (CO)'s Birthday,04/16,1889
Bent County (CO)'s Birthday,02/06,1874
Boulder County (CO)'s Birthday,11/01,1861
Broomfield County (CO)'s Birthday,06/06,1961
Chaffee County (CO)'s Birthday,02/10,1879
Cheyenne County (CO)'s Birthday,03/25,1889
Clear Creek County (CO)'s Birthday,11/01,1861
Conejos County (CO)'s Birthday,11/01,1861
Costilla County (CO)'s Birthday,11/01,1861
Crowley County (CO)'s Birthday,05/29,1911
Custer County (CO)'s Birthday,03/09,1877
Delta County (CO)'s Birthday,02/11,1883
Denver County (CO)'s Birthday,11/17,1856
Dolores County (CO)'s Birthday,02/19,1881
Douglas County (CO)'s Birthday,11/01,1861
Eagle County (CO)'s Birthday,02/11,1883
El Paso County (CO)'s Birthday,11/01,1861
Elbert County (CO)'s Birthday,02/02,1874
Fremont County (CO)'s Birthday,11/01,1861
Garfield County (CO)'s Birthday,02/10,1883
Gilpin County (CO)'s Birthday,11/01,1861
Grand County (CO)'s Birthday,02/02,1874
Gunnison County (CO)'s Birthday,03/09,1877
Hinsdale County (CO)'s Birthday,02/10,1874
Huerfano County (CO)'s Birthday,11/01,1861
Jackson County (CO)'s Birthday,05/05,1909
Jefferson County (CO)'s Birthday,11/01,1861
Kiowa County (CO)'s Birthday,04/11,1889
Kit Carson County (CO)'s Birthday,04/11,1889
La Plata County (CO)'s Birthday,02/10,1874
Lake County (CO)'s Birthday,11/01,1861
Larimer County (CO)'s Birthday,11/01,1861
Las Animas County (CO)'s Birthday,02/09,1866
Lincoln County (CO)'s Birthday,04/11,1889
Logan County (CO)'s Birthday,02/25,1887
Mesa County (CO)'s Birthday,02/14,1883
Mineral County (CO)'s Birthday,03/27,1893
Moffat County (CO)'s Birthday,02/27,1911
Montezuma County (CO)'s Birthday,04/16,1889
Montrose County (CO)'s Birthday,02/11,1883
Morgan County (CO)'s Birthday,02/19,1889
Otero County (CO)'s Birthday,03/25,1889
Ouray County (CO)'s Birthday,01/18,1877
Park County (CO)'s Birthday,11/01,1861
Phillips County (CO)'s Birthday,03/27,1889
Pitkin County (CO)'s Birthday,02/23,1881
Prowers County (CO)'s Birthday,04/11,1889
Pueblo County (CO)'s Birthday,11/01,1861
Rio Blanco County (CO)'s Birthday,03/25,1889
Rio Grande County (CO)'s Birthday,02/10,1874
Routt County (CO)'s Birthday,01/29,1877
Saguache County (CO)'s Birthday,12/29,1866
San Juan County (CO)'s Birthday,01/31,1876
San Miguel County (CO)'s Birthday,03/02,1883
Sedgwick County (CO)'s Birthday,04/09,1889
Summit County (CO)'s Birthday,11/01,1861
Teller County (CO)'s Birthday,03/23,1899
Washington County (CO)'s Birthday,02/09,1887
Weld County (CO)'s Birthday,11/03,1861
Yuma County (CO)'s Birthday,03/15,1889
Hartford County (CT)'s Birthday,05/10,1666
Windham County (CT)'s Birthday,05/12,1726
Kent County (DE)'s Birthday,08/08,1683
New Castle County (DE)'s Birthday,08/08,1673
Sussex County (DE)'s Birthday,08/08,1683
District of Columbia (DC)'s Birthday,02/21,1871
Alachua County (FL)'s Birthday,12/29,1824
Baker County (FL)'s Birthday,02/08,1861
Bay County (FL)'s Birthday,04/24,1913
Bradford County (FL)'s Birthday,12/31,1858
Brevard County (FL)'s Birthday,03/14,1844
Broward County (FL)'s Birthday,04/30,1915
Calhoun County (FL)'s Birthday,01/26,1838
Charlotte County (FL)'s Birthday,04/23,1921
Citrus County (FL)'s Birthday,06/02,1887
Clay County (FL)'s Birthday,12/31,1858
Collier County (FL)'s Birthday,05/08,1923
Columbia County (FL)'s Birthday,02/04,1832
DeSoto County (FL)'s Birthday,05/19,1887
Dixie County (FL)'s Birthday,04/25,1921
Duval County (FL)'s Birthday,08/12,1822
Escambia County (FL)'s Birthday,07/21,1821
Flagler County (FL)'s Birthday,04/28,1917
Franklin County (FL)'s Birthday,02/08,1832
Gadsden County (FL)'s Birthday,06/24,1823
Gilchrist County (FL)'s Birthday,12/04,1925
Glades County (FL)'s Birthday,04/23,1921
Gulf County (FL)'s Birthday,06/06,1925
Hamilton County (FL)'s Birthday,12/26,1827
Hardee County (FL)'s Birthday,04/23,1921
Hendry County (FL)'s Birthday,05/11,1923
Hernando County (FL)'s Birthday,02/24,1843
Highlands County (FL)'s Birthday,04/23,1921
Hillsborough (FL)'s Birthday,01/25,1834
Holmes County (FL)'s Birthday,01/08,1848
Indian River County (FL)'s Birthday,05/30,1925
Jackson County (FL)'s Birthday,08/12,1822
Jefferson County (FL)'s Birthday,01/20,1827
Lafayette County (FL)'s Birthday,12/23,1853
Lake County (FL)'s Birthday,05/27,1887
Lee County (FL)'s Birthday,05/13,1887
Leon County (FL)'s Birthday,12/29,1824
Levy County (FL)'s Birthday,03/10,1845
Liberty County (FL)'s Birthday,12/15,1855
Madison County (FL)'s Birthday,12/26,1827
Manatee County (FL)'s Birthday,01/09,1855
Marion County (FL)'s Birthday,03/14,1844
Martin County (FL)'s Birthday,05/30,1925
Miami-Dade County (FL)'s Birthday,02/04,1836
Monroe County (FL)'s Birthday,07/03,1823
Nassau County (FL)'s Birthday,12/29,1824
Okaloosa County (FL)'s Birthday,09/07,1915
Okeechobee County (FL)'s Birthday,05/08,1917
Orange County (FL)'s Birthday,12/29,1824
Osceola County (FL)'s Birthday,05/12,1887
Palm Beach County (FL)'s Birthday,04/30,1909
Pasco County (FL)'s Birthday,06/02,1887
Pinellas County (FL)'s Birthday,01/01,1912
Polk County (FL)'s Birthday,02/08,1861
Putnam County (FL)'s Birthday,01/18,1849
St. Johns County (FL)'s Birthday,07/21,1821
St. Lucie County (FL)'s Birthday,05/24,1905
Santa Rosa County (FL)'s Birthday,02/18,1842
Sarasota County (FL)'s Birthday,05/14,1921
Seminole County (FL)'s Birthday,04/25,1913
Sumter County (FL)'s Birthday,01/08,1853
Suwannee County (FL)'s Birthday,12/21,1858
Taylor County (FL)'s Birthday,12/23,1856
Union County (FL)'s Birthday,05/20,1921
Volusia County (FL)'s Birthday,12/29,1854
Wakulla County (FL)'s Birthday,03/11,1843
Walton County (FL)'s Birthday,12/29,1824
Washington County (FL)'s Birthday,12/09,1825
Appling County (GA)'s Birthday,12/15,1818
Atkinson County (GA)'s Birthday,08/15,1917
Bacon County (GA)'s Birthday,07/27,1914
Baker County (GA)'s Birthday,12/12,1825
Baldwin County (GA)'s Birthday,05/11,1803
Banks County (GA)'s Birthday,02/01,1859
Barrow County (GA)'s Birthday,07/07,1914
Bartow County (GA)'s Birthday,12/03,1832
Berrien County (GA)'s Birthday,02/25,1856
Bibb County (GA)'s Birthday,12/09,1822
Bleckley County (GA)'s Birthday,11/05,1912
Brantley County (GA)'s Birthday,11/02,1920
Brooks County (GA)'s Birthday,12/11,1858
Bryan County (GA)'s Birthday,12/19,1793
Bulloch County (GA)'s Birthday,02/08,1796
Burke County (GA)'s Birthday,02/05,1777
Butts County (GA)'s Birthday,12/24,1825
Calhoun County (GA)'s Birthday,02/20,1854
Camden County (GA)'s Birthday,02/05,1777
Carroll County (GA)'s Birthday,06/09,1826
Catoosa County (GA)'s Birthday,12/05,1853
Charlton County (GA)'s Birthday,02/18,1854
Chatham County (GA)'s Birthday,02/05,1777
Chattahoochee County (GA)'s Birthday,02/13,1854
Chattooga County (GA)'s Birthday,12/28,1838
Cherokee County (GA)'s Birthday,12/26,1831
Clarke County (GA)'s Birthday,12/05,1801
Clay County (GA)'s Birthday,02/16,1854
Clayton County (GA)'s Birthday,11/30,1858
Clinch County (GA)'s Birthday,02/14,1850
Cobb County (GA)'s Birthday,12/02,1832
Coffee County (GA)'s Birthday,02/09,1854
Colquitt County (GA)'s Birthday,02/25,1856
Columbia County (GA)'s Birthday,12/10,1790
Cook County (GA)'s Birthday,11/05,1918
Coweta County (GA)'s Birthday,06/09,1826
Crawford County (GA)'s Birthday,12/09,1822
Crisp County (GA)'s Birthday,08/17,1905
Dawson County (GA)'s Birthday,12/03,1857
Decatur County (GA)'s Birthday,12/08,1823
DeKalb County (GA)'s Birthday,12/09,1822
Dodge County (GA)'s Birthday,10/26,1870
Dooly County (GA)'s Birthday,05/15,1821
Dougherty County (GA)'s Birthday,12/15,1853
Douglas County (GA)'s Birthday,10/01,1870
Early County (GA)'s Birthday,12/15,1818
Echols County (GA)'s Birthday,12/13,1858
Effingham County (GA)'s Birthday,02/05,1777
Elbert County (GA)'s Birthday,12/10,1790
Emanuel County (GA)'s Birthday,12/10,1812
Evans County (GA)'s Birthday,11/03,1914
Fannin County (GA)'s Birthday,01/12,1854
Fayette County (GA)'s Birthday,05/15,1821
Floyd County (GA)'s Birthday,12/03,1832
Forsyth County (GA)'s Birthday,12/03,1831
Franklin County (GA)'s Birthday,02/25,1784
Fulton County (GA)'s Birthday,12/20,1853
Gilmer County (GA)'s Birthday,12/03,1832
Glascock County (GA)'s Birthday,12/19,1857
Glynn County (GA)'s Birthday,02/05,1777
Gordon County (GA)'s Birthday,02/13,1850
Grady County (GA)'s Birthday,08/17,1905
Greene County (GA)'s Birthday,02/03,1786
Gwinnett County (GA)'s Birthday,12/15,1818
Habersham County (GA)'s Birthday,12/15,1818
Hall County (GA)'s Birthday,12/15,1818
Hancock County (GA)'s Birthday,12/17,1793
Haralson County (GA)'s Birthday,01/26,1856
Harris County (GA)'s Birthday,12/14,1827
Hart County (GA)'s Birthday,12/07,1853
Heard County (GA)'s Birthday,12/22,1830
Henry County (GA)'s Birthday,05/15,1821
Houston County (GA)'s Birthday,05/15,1821
Irwin County (GA)'s Birthday,12/15,1818
Jackson County (GA)'s Birthday,02/11,1796
Jasper County (GA)'s Birthday,12/10,1807
Jeff Davis County (GA)'s Birthday,08/18,1905
Jefferson County (GA)'s Birthday,02/20,1796
Jenkins County (GA)'s Birthday,08/17,1905
Johnson County (GA)'s Birthday,12/11,1858
Jones County (GA)'s Birthday,12/10,1807
Lamar County (GA)'s Birthday,11/02,1920
Lanier County (GA)'s Birthday,08/07,1920
Laurens County (GA)'s Birthday,12/10,1807
Lee County (GA)'s Birthday,06/09,1825
Liberty County (GA)'s Birthday,02/05,1777
Lincoln County (GA)'s Birthday,02/20,1796
Long County (GA)'s Birthday,11/02,1920
Lowndes County (GA)'s Birthday,12/23,1825
Lumpkin County (GA)'s Birthday,12/03,1832
Macon County (GA)'s Birthday,12/14,1837
Madison County (GA)'s Birthday,12/05,1811
Marion County (GA)'s Birthday,12/14,1827
McDuffie County (GA)'s Birthday,10/18,1870
Meriwether County (GA)'s Birthday,12/14,1827
Miller County (GA)'s Birthday,02/26,1856
Mitchell County (GA)'s Birthday,12/21,1857
Monroe County (GA)'s Birthday,05/15,1821
Montgomery County (GA)'s Birthday,12/19,1793
Morgan County (GA)'s Birthday,12/10,1807
Muscogee County (GA)'s Birthday,06/09,1826
Newton County (GA)'s Birthday,12/24,1821
Oconee County (GA)'s Birthday,02/24,1875
Oglethorpe County (GA)'s Birthday,12/19,1795
Paulding County (GA)'s Birthday,12/03,1832
Peach County (GA)'s Birthday,07/18,1924
Pickens County (GA)'s Birthday,12/05,1853
Pierce County (GA)'s Birthday,12/18,1857
Polk County (GA)'s Birthday,12/20,1851
Pulaski County (GA)'s Birthday,12/13,1808
Putnam County (GA)'s Birthday,12/10,1807
Quitman County (GA)'s Birthday,12/10,1858
Rabun County (GA)'s Birthday,12/21,1819
Randolph County (GA)'s Birthday,12/20,1828
Richmond County (GA)'s Birthday,02/05,1777
Rockdale County (GA)'s Birthday,10/18,1870
Schley County (GA)'s Birthday,12/22,1857
Screven County (GA)'s Birthday,12/14,1793
Seminole County (GA)'s Birthday,11/02,1920
Spalding County (GA)'s Birthday,12/20,1851
Stephens County (GA)'s Birthday,08/18,1905
Stewart County (GA)'s Birthday,12/23,1830
Sumter County (GA)'s Birthday,12/26,1831
Talbot County (GA)'s Birthday,12/14,1827
Taliaferro County (GA)'s Birthday,12/24,1825
Tattnall County (GA)'s Birthday,12/05,1801
Taylor County (GA)'s Birthday,01/15,1852
Telfair County (GA)'s Birthday,12/10,1807
Terrell County (GA)'s Birthday,02/16,1856
Thomas County (GA)'s Birthday,12/23,1825
Tift County (GA)'s Birthday,08/17,1905
Toombs County (GA)'s Birthday,08/18,1905
Towns County (GA)'s Birthday,03/06,1856
Treutlen County (GA)'s Birthday,11/05,1918
Troup County (GA)'s Birthday,06/09,1826
Turner County (GA)'s Birthday,08/18,1905
Twiggs County (GA)'s Birthday,12/14,1809
Union County (GA)'s Birthday,12/03,1832
Upson County (GA)'s Birthday,12/15,1824
Walker County (GA)'s Birthday,12/18,1833
Walton County (GA)'s Birthday,12/22,1818
Ware County (GA)'s Birthday,12/15,1824
Warren County (GA)'s Birthday,12/19,1793
Washington County (GA)'s Birthday,02/25,1784
Wayne County (GA)'s Birthday,12/07,1803
Webster County (GA)'s Birthday,12/16,1853
Wheeler County (GA)'s Birthday,11/05,1912
White County (GA)'s Birthday,12/22,1857
Whitfield County (GA)'s Birthday,12/30,1851
Wilcox County (GA)'s Birthday,12/22,1857
Wilkes County (GA)'s Birthday,02/05,1777
Wilkinson County (GA)'s Birthday,05/11,1803
Worth County (GA)'s Birthday,12/20,1853
Hawaii County (HI)'s Birthday,04/13,1905
Honolulu County (HI)'s Birthday,04/30,1907
Kalawao County (HI)'s Birthday,04/22,1903
Kauaʻi County (HI)'s Birthday,04/22,1903
Maui County (HI)'s Birthday,04/22,1903
Ada County (ID)'s Birthday,12/22,1864
Adams County (ID)'s Birthday,03/03,1911
Bannock County (ID)'s Birthday,03/06,1893
Bear Lake County (ID)'s Birthday,01/05,1875
Benewah County (ID)'s Birthday,01/23,1915
Bingham County (ID)'s Birthday,01/13,1885
Blaine County (ID)'s Birthday,03/05,1895
Boise County (ID)'s Birthday,02/04,1864
Bonner County (ID)'s Birthday,02/21,1907
Bonneville County (ID)'s Birthday,02/07,1911
Boundary County (ID)'s Birthday,01/23,1915
Butte County (ID)'s Birthday,02/06,1917
Camas County (ID)'s Birthday,02/06,1917
Canyon County (ID)'s Birthday,03/07,1891
Caribou County (ID)'s Birthday,02/11,1919
Cassia County (ID)'s Birthday,02/20,1879
Clark County (ID)'s Birthday,02/01,1919
Clearwater County (ID)'s Birthday,02/27,1911
Custer County (ID)'s Birthday,01/08,1881
Elmore County (ID)'s Birthday,02/07,1889
Franklin County (ID)'s Birthday,01/20,1913
Fremont County (ID)'s Birthday,03/04,1893
Gem County (ID)'s Birthday,03/15,1915
Gooding County (ID)'s Birthday,01/28,1913
Idaho County (ID)'s Birthday,12/20,1861
Jefferson County (ID)'s Birthday,02/18,1913
Jerome County (ID)'s Birthday,02/08,1919
Kootenai County (ID)'s Birthday,12/22,1864
Latah County (ID)'s Birthday,05/14,1888
Lemhi County (ID)'s Birthday,01/09,1869
Lewis County (ID)'s Birthday,03/03,1911
Lincoln County (ID)'s Birthday,03/18,1895
Madison County (ID)'s Birthday,02/18,1913
Minidoka County (ID)'s Birthday,01/28,1913
Nez Perce County (ID)'s Birthday,02/04,1864
Oneida County (ID)'s Birthday,01/22,1864
Owyhee County (ID)'s Birthday,12/31,1863
Payette County (ID)'s Birthday,02/28,1917
Power County (ID)'s Birthday,01/30,1913
Shoshone County (ID)'s Birthday,02/04,1864
Teton County (ID)'s Birthday,01/26,1915
Twin Falls County (ID)'s Birthday,02/21,1907
Valley County (ID)'s Birthday,02/26,1917
Washington County (ID)'s Birthday,02/20,1879
Cook County (IL)'s Birthday,01/15,1831
Adams County (IN)'s Birthday,03/01,1836
Allen County (IN)'s Birthday,04/01,1824
Bartholomew County (IN)'s Birthday,02/12,1821
Benton County (IN)'s Birthday,02/18,1840
Blackford County (IN)'s Birthday,04/02,1838
Boone County (IN)'s Birthday,04/01,1830
Brown County (IN)'s Birthday,02/04,1836
Carroll County (IN)'s Birthday,01/17,1828
Cass County (IN)'s Birthday,12/18,1828
Clark County (IN)'s Birthday,02/03,1801
Clay County (IN)'s Birthday,02/12,1825
Clinton County (IN)'s Birthday,03/01,1830
Crawford County (IN)'s Birthday,01/05,1818
Daviess County (IN)'s Birthday,02/02,1818
Dearborn County (IN)'s Birthday,03/07,1803
Decatur County (IN)'s Birthday,12/12,1821
DeKalb County (IN)'s Birthday,02/07,1835
Dubois County (IN)'s Birthday,12/20,1818
Elkhart County (IN)'s Birthday,04/01,1830
Floyd County (IN)'s Birthday,03/04,1819
Fountain County (IN)'s Birthday,04/01,1826
Franklin County (IN)'s Birthday,02/01,1811
Fulton County (IN)'s Birthday,02/07,1836
Gibson County (IN)'s Birthday,04/01,1813
Grant County (IN)'s Birthday,02/10,1831
Greene County (IN)'s Birthday,01/05,1821
Hamilton County (IN)'s Birthday,01/08,1823
Hancock County (IN)'s Birthday,03/01,1828
Harrison County (IN)'s Birthday,12/01,1808
Hendricks County (IN)'s Birthday,12/20,1823
Henry County (IN)'s Birthday,12/31,1821
Howard County (IN)'s Birthday,01/15,1844
Huntington County (IN)'s Birthday,02/02,1832
Jackson County (IN)'s Birthday,01/01,1816
Jasper County (IN)'s Birthday,02/07,1835
Jay County (IN)'s Birthday,02/07,1835
Jefferson County (IN)'s Birthday,02/01,1811
Jennings County (IN)'s Birthday,12/27,1816
Johnson County (IN)'s Birthday,12/31,1823
Knox County (IN)'s Birthday,06/06,1790
Kosciusko County (IN)'s Birthday,02/07,1835
LaGrange County (IN)'s Birthday,02/02,1832
Lake County (IN)'s Birthday,02/16,1837
LaPorte County (IN)'s Birthday,04/01,1832
Lawrence County (IN)'s Birthday,01/07,1818
Madison County (IN)'s Birthday,01/04,1823
Marion County (IN)'s Birthday,04/01,1822
Marshall County (IN)'s Birthday,02/07,1835
Martin County (IN)'s Birthday,01/20,1820
Miami County (IN)'s Birthday,01/30,1833
Monroe County (IN)'s Birthday,01/14,1818
Montgomery County (IN)'s Birthday,12/21,1822
Morgan County (IN)'s Birthday,02/15,1822
Newton County (IN)'s Birthday,12/08,1859
Noble County (IN)'s Birthday,02/07,1835
Ohio County (IN)'s Birthday,01/04,1844
Orange County (IN)'s Birthday,12/26,1815
Owen County (IN)'s Birthday,12/21,1818
Parke County (IN)'s Birthday,01/09,1821
Perry County (IN)'s Birthday,11/01,1814
Pike County (IN)'s Birthday,12/21,1816
Porter County (IN)'s Birthday,02/07,1835
Posey County (IN)'s Birthday,11/11,1814
Pulaski County (IN)'s Birthday,02/07,1835
Putnam County (IN)'s Birthday,12/21,1821
Randolph County (IN)'s Birthday,01/10,1818
Ripley County (IN)'s Birthday,12/27,1816
Rush County (IN)'s Birthday,12/31,1821
St. Joseph County (IN)'s Birthday,01/29,1830
Scott County (IN)'s Birthday,01/12,1820
Shelby County (IN)'s Birthday,12/31,1821
Spencer County (IN)'s Birthday,01/10,1818
Starke County (IN)'s Birthday,02/07,1835
Steuben County (IN)'s Birthday,02/07,1835
Sullivan County (IN)'s Birthday,12/30,1816
Switzerland County (IN)'s Birthday,10/01,1814
Tippecanoe County (IN)'s Birthday,03/01,1826
Tipton County (IN)'s Birthday,01/15,1844
Union County (IN)'s Birthday,01/05,1821
Vanderburgh County (IN)'s Birthday,01/07,1818
Vermillion County (IN)'s Birthday,01/02,1824
Vigo County (IN)'s Birthday,01/21,1818
Warren County (IN)'s Birthday,03/01,1827
Warrick County (IN)'s Birthday,04/30,1813
Washington County (IN)'s Birthday,12/21,1813
Wayne County (IN)'s Birthday,11/27,1811
Wells County (IN)'s Birthday,02/02,1837
White County (IN)'s Birthday,02/01,1834
Whitley County (IN)'s Birthday,02/07,1835
Adair County (IA)'s Birthday,01/15,1851
Adams County (IA)'s Birthday,01/15,1851
Allamakee County (IA)'s Birthday,02/20,1847
Appanoose County (IA)'s Birthday,02/17,1843
Audubon County (IA)'s Birthday,01/15,1851
Benton County (IA)'s Birthday,12/21,1837
Black Hawk County (IA)'s Birthday,02/17,1853
Boone County (IA)'s Birthday,01/13,1846
Bremer County (IA)'s Birthday,01/15,1851
Buchanan County (IA)'s Birthday,12/21,1837
Buena Vista County (IA)'s Birthday,01/15,1851
Butler County (IA)'s Birthday,01/15,1851
Calhoun County (IA)'s Birthday,01/15,1851
Allegany County (MD)'s Birthday,12/25,1789
Anne Arundel County (MD)'s Birthday,04/09,1650
Baltimore County (MD)'s Birthday,06/30,1659
Calvert County (MD)'s Birthday,07/03,1654
Carroll County (MD)'s Birthday,01/19,1837
Cecil County (MD)'s Birthday,06/06,1674
Charles County (MD)'s Birthday,04/13,1658
Frederick County (MD)'s Birthday,06/10,1748
Garrett County (MD)'s Birthday,11/04,1872
Harford County (MD)'s Birthday,12/17,1773
Howard County (MD)'s Birthday,05/13,1838
Kent County (MD)'s Birthday,12/30,1642
Montgomery County (MD)'s Birthday,09/06,1776
Prince George's County (MD)'s Birthday,04/23,1696
St. Mary's County (MD)'s Birthday,01/24,1637
Somerset County (MD)'s Birthday,08/22,1666
Talbot County (MD)'s Birthday,02/12,1661
Washington County (MD)'s Birthday,09/06,1776
Baltimore City (MD)'s Birthday,09/18,1867
Accomack County (VA)'s Birthday,09/10,1663
Albemarle County (VA)'s Birthday,12/31,1744
Ashland County (WI)'s Birthday,03/27,1860
Douglas County (WI)'s Birthday,02/08,1854
Eau Claire County (WI)'s Birthday,10/06,1856
Kenosha County (WI)'s Birthday,01/30,1850
Langlade County (WI)'s Birthday,03/03,1879
Menominee County (WI)'s Birthday,07/03,1959
Pepin County (WI)'s Birthday,02/25,1858
Price County (WI)'s Birthday,03/03,1879
Racine County (WI)'s Birthday,12/07,1836
Rock County (WI)'s Birthday,12/07,1836
Shawano County (WI)'s Birthday,02/16,1853
Vernon County (WI)'s Birthday,03/01,1851
Vilas County (WI)'s Birthday,04/12,1893
Washington County (WI)'s Birthday,12/07,1836
Waushara County (WI)'s Birthday,02/15,1851
Albany County (WY)'s Birthday,12/16,1868
Big Horn County (WY)'s Birthday,03/12,1890
Campbell County (WY)'s Birthday,02/21,1911
Carbon County (WY)'s Birthday,12/16,1868
Converse County (WY)'s Birthday,03/09,1888
Crook County (WY)'s Birthday,12/08,1875
Fremont County (WY)'s Birthday,03/05,1884
Goshen County (WY)'s Birthday,02/21,1911
Hot Springs County (WY)'s Birthday,02/21,1911
Johnson County (WY)'s Birthday,12/08,1875
Laramie County (WY)'s Birthday,01/09,1867
Lincoln County (WY)'s Birthday,02/21,1911
Natrona County (WY)'s Birthday,03/09,1888
Niobrara County (WY)'s Birthday,02/21,1911
Park County (WY)'s Birthday,02/15,1909
Platte County (WY)'s Birthday,02/21,1911
Sheridan County (WY)'s Birthday,03/09,1888
Sublette County (WY)'s Birthday,02/15,1921
Sweetwater County (WY)'s Birthday,12/17,1867
Teton County (WY)'s Birthday,02/15,1921
Uinta County (WY)'s Birthday,12/01,1869
Washakie County (WY)'s Birthday,02/21,1911
Weston County (WY)'s Birthday,03/12,1890
