Alabama's Birthday,12/14,1819
Alaska's Birthday,01/03,1959
Arizona's Birthday,02/14,1912
Arkansas's Birthday,06/15,1836
California's Birthday,09/09,1850
Colorado's Birthday,08/01,1876
Connecticut's Birthday,01/09,1788
Delaware's Birthday,12/07,1787
Florida's Birthday,03/03,1845
Georgia's Birthday,01/02,1788
Hawaii's Birthday,08/21,1959
Idaho's Birthday,07/03,1890
Illinois's Birthday,12/03,1818
Indiana's Birthday,12/11,1816
Iowa's Birthday,12/28,1846
Kansas's Birthday,01/29,1861
Kentucky's Birthday,06/01,1792
Louisiana's Birthday,04/30,1812
Maine's Birthday,03/15,1820
Maryland's Birthday,04/28,1788
Massachusetts's Birthday,02/06,1788
Michigan's Birthday,01/26,1837
Minnesota's Birthday,05/11,1858
Mississippi's Birthday,12/10,1817
Missouri's Birthday,08/10,1821
Montana's Birthday,11/08,1889
Nebraska's Birthday,03/01,1867
Nevada's Birthday,10/31,1864
New Hampshire's Birthday,06/21,1788
New Jersey's Birthday,12/18,1787
New Mexico's Birthday,01/06,1912
New York's Birthday,07/26,1788
North Carolina's Birthday,11/21,1789
North Dakota's Birthday,11/02,1889
Ohio's Birthday,03/01,1803
Oklahoma's Birthday,11/16,1907
Oregon's Birthday,02/14,1859
Pennsylvania's Birthday,12/12,1787
Rhode Island's Birthday,05/29,1790
South Carolina's Birthday,05/23,1788
South Dakota's Birthday,11/02,1889
Tennessee's Birthday,06/01,1796
Texas's Birthday,12/29,1845
Utah's Birthday,01/04,1896
Vermont's Birthday,03/04,1791
Virginia's Birthday,06/25,1788
Washington's Birthday,11/11,1889
West Virginia's Birthday,06/20,1863
Wisconsin's Birthday,05/29,1848
Wyoming's Birthday,07/10,1890
Washington D.C.'s Birthday,02/27,1801
Puerto Rico's Birthday,12/10,1898
Guam's Birthday,04/11,1899
United States Virgin Islands' Birthday,03/31,1917
American Samoa's Birthday,04/17,1900
Northern Mariana Islands' Birthday,11/04,1986
